dom,samp,diff1,diff2
1,1,2.23764907724623,-0.0553244310217593
1,2,-0.245163712613646,0.298064005009842
1,3,0.860412065288216,-0.373180341354338
1,4,1.84466271066341,-0.561662186724025
1,5,-2.65498909919131,-0.671263649021721
1,6,-1.03613380130139,-0.516232817648039
1,7,-0.311217411370478,0.603642959899819
1,8,0.21309880859684,0.37227469497579
1,9,-0.277650259836292,0.279429899350347
1,10,2.81605789660694,-0.276926273417736
1,11,-1.94217801548825,0.848832853645582
1,12,1.13879952163515,0.315274366302571
1,13,0.845995456707641,0.286057839592193
1,14,-0.43308234139792,-0.12460986396022
1,15,-2.43132092293823,0.445192111544682
1,16,-1.24391928855292,0.389462108952934
1,17,-0.359830707767202,-0.0229939983599863
1,18,-0.822472514515937,-0.655090826719345
1,19,-0.129186218903442,-0.105035861713539
1,20,-0.993378778367855,0.290666992917686
1,21,0.476558302138272,0.19634069102985
1,22,-1.02806814770844,0.332137760844773
1,23,-1.52568006978902,-0.367256332688843
1,24,0.844791607020113,0.617661799545484
1,25,-0.900170820265117,-0.769575855598429
1,26,0.734891527031778,-1.18715789673736
1,27,0.140982459209766,-0.551790842538139
1,28,0.951612285409851,0.0270983342192999
1,29,1.12648695545565,0.440231617916268
1,30,-0.189171998942413,-0.305179583952622
1,31,2.74098636453326,0.10245190424579
1,32,0.492812441622789,0.145898419480559
1,33,1.38495435355065,-0.486394010620021
1,34,-0.808026729107127,0.925868882863213
1,35,-2.42794044586645,-0.753934039533576
1,36,3.04384025755013,0.854040748584925
1,37,1.37113275528586,0.939858938448857
1,38,0.863560603037087,0.307576844412917
1,39,-3.54310187323239,-0.142868977515139
1,40,-1.05131016410743,0.325924411122497
1,41,1.83857644884986,-1.27031480987726
1,42,-1.28789303829507,-0.23312678047629
1,43,0.544781885447691,-1.04816077542284
1,44,-1.02153290971006,-0.15006013061593
1,45,-0.282186510871099,-0.328751753715693
1,46,1.95675044498518,0.155568264625913
1,47,-2.87111378279209,-0.384899153219294
1,48,-0.607154691987176,-0.164506314382638
1,49,-1.8354145176674,-0.904828348176729
1,50,-0.374774082253651,-0.00653521116788269
1,51,0.46733975643528,0.153348893327095
1,52,-0.704283058255839,-0.765424036148094
1,53,-2.57113362410851,-0.589337811785395
1,54,-0.927326156183511,-0.0452314668085698
1,55,-0.00779355763231138,-0.470023926254971
1,56,-0.0142234882848697,0.24154427390329
1,57,1.56946935001145,0.388141209677677
1,58,-1.63301702560801,-0.00792888081739207
1,59,2.05930935695756,-0.176186886124977
1,60,-1.8485208270566,-0.371144819679699
1,61,0.087430210322907,0.453425437294683
1,62,-0.278500695076758,0.35388235529761
1,63,2.16466252750823,-0.426086521920023
1,64,1.54230535176512,-0.587823531921643
1,65,1.2783576972603,-0.497384497170035
1,66,-1.10376724141625,0.416315335493557
1,67,-0.163162310721788,0.505827345388038
1,68,0.764178212245014,0.435383120245394
1,69,0.273719311955062,0.226832030844601
1,70,0.65867341657858,-0.553478541495835
1,71,1.04912308439319,-0.422308342057892
1,72,-0.374504813180778,0.374748545798024
1,73,-0.682919049687229,-0.282293051486732
1,74,-0.950147474591631,-1.59719488011347
1,75,-4.35036977357882,0.0963897760643526
1,76,-1.02782025841839,-0.504790565103661
1,77,-1.29995638502689,-0.647212299234976
1,78,1.53641703209203,0.96722224290404
1,79,1.86815218035738,1.39274784038034
1,80,0.0338928448921365,0.353676263961859
1,81,1.6059545585056,1.02421261095283
1,82,0.818966222492008,0.482754525265637
1,83,1.18502748315501,-0.553456411205222
1,84,-1.20567052429155,-0.873188256528326
1,85,-1.24003761594162,-0.219667010804667
1,86,0.250487601250086,-0.561470163496296
1,87,-1.16262973583358,0.0798114746080394
1,88,0.116530213434515,-0.101431859651321
1,89,1.43908887517554,0.764603052002848
1,90,-1.51765560058976,1.39895432411167
1,91,-1.49108016421735,-0.594468889980739
1,92,0.377594244156882,-0.775027891574357
1,93,-0.0258495101483618,0.191041573435452
1,94,-0.0953541338389243,-0.196364725724621
1,95,0.225646250917407,0.0511028832876548
1,96,0.106448785763007,0.865497202271722
1,97,0.87716309253176,0.306156044130901
1,98,1.07505336039483,0.0227449892706098
1,99,0.895122667961971,0.450646497794963
1,100,-0.379535653684258,-0.321063230280121
1,101,0.694568508522309,-0.616557497224257
1,102,-1.14955543817226,-0.373656353333399
1,103,-0.763296652358946,0.697255704222425
1,104,0.430058830083595,0.680119101000496
1,105,-0.697572482412539,0.63889803230202
1,106,0.336814288266908,0.0572873710670301
1,107,1.81522505395441,-0.509511927539851
1,108,3.07351524613318,0.883652050210983
1,109,-1.39311595065655,0.162311444516924
1,110,0.565078518242757,-0.11983561662468
1,111,-1.48659371332354,0.141843131763864
1,112,1.56735733635324,-0.460375089551341
1,113,-0.402167325224212,0.0588932192144149
1,114,0.104904252684861,0.318386844276901
1,115,1.95556687913043,-0.207513371354338
1,116,0.0766543721642847,-0.475720363560278
1,117,-1.31990712671228,-0.114036026795436
1,118,1.75179522149389,0.560339752336159
1,119,-1.81243298988471,-0.92277855940144
1,120,0.529457612800229,0.106540371374649
1,121,-2.25120126110647,0.0814197850097038
1,122,0.50736889432207,-0.0325849539214715
1,123,0.933558959857351,0.733750557896702
1,124,-1.89639590943452,0.301227209335213
1,125,-0.347294094707451,0.467175990905961
1,126,1.57563453718282,0.327760860795898
1,127,-1.33333299329442,-0.502418742720607
1,128,0.141644122367069,0.252858519036494
1,129,-1.25375650624844,-0.412804233176878
1,130,-1.31405616697344,0.264516303887085
1,131,-1.39994431280746,-0.7940951162402
1,132,1.97486252273836,0.253355071228366
1,133,-0.0401174093768475,0.271274704291926
1,134,0.4330185614659,-0.395655716668781
1,135,0.393061846647839,0.320571790782729
1,136,-0.25363386567588,0.44641649417844
1,137,-1.7405862207294,0.674968111804045
1,138,-2.03195263248801,-0.889145457834896
1,139,-0.168195148977077,-0.689497640502676
1,140,1.71057461040394,-0.270761885943315
1,141,0.304789566227754,0.0335375362886694
1,142,-3.74569262682007,-0.673513934235174
1,143,0.37768136529067,0.986763797427741
1,144,1.55121921404245,-0.0336290270620658
1,145,-0.712134530009394,-0.856791295115944
1,146,0.849819836397501,0.0114119926223673
1,147,0.31674300661092,-0.308040388050532
1,148,0.332734928963532,0.796611248524091
1,149,-0.747209172367661,-0.169779601317899
1,150,-0.54973229771457,0.176046884004627
1,151,1.39767294704541,0.287794962319033
1,152,-0.33813108918838,0.307580055498075
1,153,-0.681995681785452,0.0557918095528755
1,154,-0.704906918403509,-0.109338930280472
1,155,1.89812381291489,0.434292085776256
1,156,-2.73112573315646,-0.0606540518755878
1,157,-0.704474995588811,0.712577708763856
1,158,0.458538785395973,-0.280242036708177
1,159,-2.98457996345468,-0.421964087606693
1,160,2.47401359037667,0.200350369002763
1,161,-1.11582392636674,-0.852718455057012
1,162,-0.563044581242565,-0.35003075684461
1,163,0.684563948460919,-0.780680572673951
1,164,-1.96537692464346,-0.540390079770333
1,165,-1.48304328220081,-1.15854922077058
1,166,0.442474322777599,-0.106398089409922
1,167,-1.40296409245107,-0.803409716131799
1,168,3.00165422310616,0.629605822621176
1,169,-0.710054044571734,0.0386271152049922
1,170,1.73802605555062,-0.0987678620571195
1,171,-1.09537935559553,-0.425221251853678
1,172,1.84566242186327,1.135001032414
1,173,-2.35303854084745,0.762812128786987
1,174,1.80959868813923,0.283265620502053
1,175,1.38347673491108,0.859784767300667
1,176,1.29400605176082,0.041657106077043
1,177,2.84712997255653,-0.134864874316964
1,178,0.794685184346747,0.201415121352895
1,179,-0.270236201081673,0.392013785270183
1,180,0.573150849081799,0.0328523148637245
1,181,1.38279306536779,0.11640736194467
1,182,2.04442053085941,-0.450369686007146
1,183,0.884781144815008,1.17629539374921
1,184,0.230719507034905,-0.798753517818877
1,185,1.07638991841489,0.313175418522672
1,186,-0.0566893935625217,0.00698706212538625
1,187,-0.859070854418093,-0.0850763296964985
1,188,1.15012595357621,0.28760992321083
1,189,-2.79070531055052,0.532291850264382
1,190,-1.48493209879646,1.03617200546373
1,191,-2.7213377527211,-0.57054206597947
1,192,0.278449318086899,0.341496259478934
1,193,0.926417845763211,0.315909520213495
1,194,-1.68906236425227,-0.275641328831032
1,195,-0.300364112350337,-0.725478918240302
1,196,0.395596643434089,0.856721223812112
1,197,-0.13773107916424,0.0059330838845213
1,198,-2.21365694024985,0.607062594360794
1,199,0.807676122915581,0.463967547059987
1,200,3.92975684535571,0.376203365062224
1,201,4.47895111414445,-0.120157731096491
1,202,-0.636383788771184,0.110235749249167
1,203,-2.33666230951067,0.217424947824991
1,204,-2.53548953211205,-0.507541082195694
1,205,1.34000007173424,0.650436531878974
1,206,2.69673465376493,-0.209991018687607
1,207,-1.9805352048329,-0.614562875242243
1,208,-0.531924246226936,0.15066174923836
1,209,0.594928293528284,-0.439534221794425
1,210,2.85532585508605,-0.750943154625656
1,211,-1.82128239699662,-0.0718492465017455
1,212,0.480183233268747,0.291873123940174
1,213,2.06402487333318,-0.247353801252949
1,214,0.376753411987579,0.116128691774392
1,215,0.442688191967505,0.256100431840089
1,216,1.42734516296062,-0.142866364525801
1,217,-1.20997177602598,0.148073685404952
1,218,-1.75036348015749,-0.0503626107758244
1,219,1.48491668245751,-0.022096666817589
1,220,-0.696223090113278,1.1256472898527
1,221,-0.369898001745071,0.177559354302463
1,222,0.436924531300633,-0.149522732019722
1,223,0.108047308447709,-0.0744058378251076
1,224,0.233314915522243,1.246744883253
1,225,0.000999579842357434,-0.0377189586872291
1,226,2.9548198602468,0.56591274788137
1,227,-0.055213512195678,0.166741077425833
1,228,0.727373327311398,0.790479752220641
1,229,0.624739575664989,0.543360428378211
1,230,-1.67342951850679,0.0233163682802022
1,231,0.223238537568136,-0.569206786505692
1,232,-1.04736698525983,-0.519244620817499
1,233,0.131334353822695,0.525969708775779
1,234,-2.59267105195738,0.306896521225042
1,235,-0.220247420502147,0.243980970677839
1,236,-0.606319141134406,0.192644063861728
1,237,-0.605238187840456,0.241122621940281
1,238,0.0989257340135623,-0.0254684353533889
1,239,0.443926218638865,-0.634216766694003
1,240,-1.20360288431243,0.122765611465404
1,241,0.486250355084451,0.241536559212513
1,242,-0.125927360610604,-0.234684381482285
1,243,-0.0473634332041684,-0.0669326014950897
1,244,0.688414647161665,0.359149134726767
1,245,0.0461404615921026,-0.535207375658022
1,246,0.553748566107203,-0.457575578350273
1,247,-3.84405101403328,0.81652312460162
1,248,0.063777687224956,0.0339211964972073
1,249,-0.635389251565982,-0.329347725642826
1,250,1.56808463055845,0.34940561796434
1,251,1.04364628426916,0.680413244338165
1,252,3.21000979498356,0.455305429648
1,253,-0.561107293172967,0.57269450588435
1,254,0.297671501926658,0.168774194233574
1,255,0.538793730726098,-0.546824757365943
1,256,-1.64081865287582,-0.363868670269028
1,257,2.30811369018971,-0.55239575720887
1,258,1.42445252917207,0.0555160639034646
1,259,-0.891412266144073,0.441904862891658
1,260,-0.952620585153824,-0.868378971025518
1,261,1.22102951612186,0.608042556101292
1,262,0.916646867645483,0.431072721557705
1,263,-1.87938825790712,0.551658756337066
1,264,0.814354318298399,0.3564377953331
1,265,-0.247073184755891,0.205690837563324
1,266,0.92877145678068,0.165238396521879
1,267,1.75767074452494,0.290421953805762
1,268,4.52668798477669,0.557234112404377
1,269,-0.201270875360734,-0.919638218360127
1,270,1.62609182261409,0.0759928757658095
1,271,-2.30177627098624,-1.02373882646148
1,272,2.50838141241167,0.390645041124213
1,273,-2.73833527351144,-0.43673804073871
1,274,-3.30120127321743,-1.32216318252562
1,275,0.206704862817134,-0.39289892627826
1,276,-0.626647941609463,0.0927400845122435
1,277,-0.0776197850842095,-0.197830763664022
1,278,-0.271117822267911,-0.281963987737733
1,279,1.42606027520233,0.330807803678493
1,280,-2.27155971949492,-0.467424104342197
1,281,0.00261966043436246,0.41703303780692
1,282,0.175523729032392,0.749503009577172
1,283,0.454010026023695,-0.201427888742252
1,284,1.96189564066404,0.36882043989668
1,285,-0.522458498950925,-0.615442730834712
1,286,1.12702606281721,-0.326027196031774
1,287,-0.46568077688363,1.13758466940673
1,288,0.724657000991044,0.106129730523364
1,289,1.2460236743467,0.695781539260146
1,290,-0.863718759880925,-0.501794868039752
1,291,0.240039091617291,0.47264529135558
1,292,-1.53616129694004,0.0760686192911422
1,293,0.929624752260708,-0.0894913429822388
1,294,-0.0317959548599731,-0.565079104600251
1,295,0.0928069076526867,-0.501533554013921
1,296,2.21917416308042,-0.626977823501367
1,297,-1.01301061778454,-0.202652586633992
1,298,-1.73377402300301,0.23726078375147
1,299,0.132351941379909,0.286662046050399
1,300,1.62993070081737,0.659764425521512
1,301,1.13066727109745,0.973896195719309
1,302,0.49494049114287,0.710078569481499
1,303,2.51562325385368,-0.0135741050968043
1,304,0.415171279364216,0.107060324577841
1,305,1.26552673124982,0.00396491282986489
1,306,0.144483365017493,0.462241832125869
1,307,-0.64378030338176,-0.367479326845952
1,308,-1.13915538827504,-0.797661614899702
1,309,-0.776686154342656,-0.19025542976911
1,310,-0.209897585872881,-0.227118857849391
1,311,-0.669647538966132,-0.029138588303816
1,312,1.07346327831411,-0.210712203185636
1,313,-0.43638447425235,0.215062254694541
1,314,1.0470718305626,0.414732945372236
1,315,-0.201972495231558,0.555439752280265
1,316,2.94543710929295,-0.632339414719453
1,317,0.373420246530998,-0.343115365044337
1,318,0.407874117785383,-0.0979272821687509
1,319,0.898738237681783,-0.452011826646117
1,320,0.570228924249193,-0.30028621772961
1,321,-0.665865049087643,-0.0769780714968569
1,322,1.18270385481139,0.0464496521634956
1,323,-3.22957943131709,0.0431971495237669
1,324,-0.105000954903772,0.0878096067231162
1,325,-1.03017065574221,0.284976583337574
1,326,0.219079378308265,0.651088155224684
1,327,1.00117679973272,-0.401839523997712
1,328,1.61841249569363,1.10737407222948
1,329,0.978282144156736,1.03360096108968
1,330,0.11614863761784,0.184525347617576
1,331,-0.329579733905121,-1.25695413518046
1,332,-0.195211071182172,-0.37890685244529
1,333,4.63871024847435,0.683147593092869
1,334,-0.461960064154624,-1.67335748559772
1,335,0.745601100645359,0.523409646074469
1,336,-0.375453325701557,-0.915337633660908
1,337,0.347074241205547,-0.276433583322479
1,338,0.588605323276369,-0.208363318056737
1,339,1.38560359476082,1.14183467662673
1,340,0.0612171408299673,0.250563179134542
1,341,0.479306089789276,-0.071595707721567
1,342,0.38111782599438,0.563005831713724
1,343,1.67651375331585,-0.577869370283356
1,344,-1.77592589555533,-0.950734922442251
1,345,0.0565852449574891,0.752873073446725
1,346,0.427085453732076,0.242848451276526
1,347,-0.0786011634361046,-0.51905148393908
1,348,-2.43283897769959,-1.04484170434577
1,349,0.817506673426436,-0.878856125162635
1,350,1.37555331316204,1.0422239567001
1,351,0.260947348749312,0.355811695959389
1,352,-1.29556753256406,-0.52027901878002
1,353,1.10992154510694,-0.231772258527197
1,354,-1.13429117409933,-0.4271731181828
1,355,-0.279269369687142,-0.547843954005874
1,356,-1.35963091730571,-0.558016183615788
1,357,-2.55300100241604,0.268688628707888
1,358,2.19315509313992,0.726425361833996
1,359,-2.25594605175706,-0.798990839445185
1,360,-2.10518859116385,-0.586638390894933
1,361,-1.07348142074028,0.563428784581724
1,362,-0.0654483413834157,-1.27583944071147
1,363,2.44897563309189,-0.017555426992903
1,364,0.661176068416182,0.532279653954056
1,365,-1.16847614482714,-0.141287392307817
1,366,-2.75478176694648,-0.0521597359285835
1,367,-0.489633283976445,-0.290918009261354
1,368,-1.18067380394345,-0.849199752638004
1,369,0.0757227181200335,0.0988540636884494
1,370,-0.0176330385894801,0.326973782721289
1,371,0.269546901984768,-0.578478790050294
1,372,-3.21370282966399,-0.071973506032105
1,373,-0.352197783766201,-0.326220412097335
1,374,-2.36453099543081,0.0297284017072386
1,375,-2.14600804951266,0.608952176556393
1,376,0.576193246622495,0.335779108121752
1,377,-0.784373260794183,0.161326326296113
1,378,-0.276355310653031,-0.713553609228786
1,379,0.546356685155473,0.00236994723155348
1,380,-0.710239369871573,0.912616518474916
1,381,-0.966473539663355,-0.879468302505316
1,382,-0.606923611611876,-0.568812831968799
1,383,3.06756250706863,-0.166380705503396
1,384,-0.733924095864523,0.0950710017993188
1,385,0.703801245306295,-0.284311885356395
1,386,-0.642272634805863,0.278046100890382
1,387,-2.76430744230566,0.453774207835128
1,388,-0.872549082705461,0.308929974345229
1,389,0.531344811928676,0.0879866175594586
1,390,1.96568404498353,0.760704724938343
1,391,1.74282679704035,-0.160935761714153
1,392,0.029858545494335,-0.424308451429308
1,393,2.76451074476347,-0.0752049407931707
1,394,1.79268913326973,0.567819982474489
1,395,1.13298145157668,-0.182812263870932
1,396,-0.881594676052856,-0.118845517439524
1,397,1.27037523506937,-0.159333167878788
1,398,1.004513849831,0.0486608737080623
1,399,-2.26915719038806,0.230728400961947
1,400,-1.04515735602894,0.0367506844098031
1,401,-0.466446598521003,-0.335237835317947
1,402,-0.294421044737391,-0.316355244508465
1,403,-0.957649173575049,0.131222158127219
1,404,0.584773409069783,0.323393972423869
1,405,-3.79041960055025,-0.522339266220275
1,406,2.2554406149543,-0.681575244460021
1,407,0.407826146401561,0.624440520302372
1,408,-1.21470870218238,0.60114322941558
1,409,1.90076595858457,-1.1042654680901
1,410,-0.675402829459046,-1.06824844397268
1,411,2.71805398718433,-0.52250992196247
1,412,3.07607044003643,0.697213018626865
1,413,-0.0990747444630813,0.771121504749456
1,414,0.14044047111318,-0.707772098848658
1,415,0.12746840740499,0.369954457891353
1,416,-0.663243029249116,-0.102117139022621
1,417,-1.0135564741264,-0.577134756764117
1,418,-0.600105550683224,0.0346693666686981
1,419,-2.10606933719245,0.0887684430112508
1,420,-0.731434667347855,0.208519775823998
1,421,0.342061887825167,-0.0941561223864298
1,422,-0.819539975997913,-0.137910099304403
1,423,0.440013899672323,0.0532786707292487
1,424,-1.46126534027272,0.33063237602601
1,425,-2.56915109540037,0.214107098279438
1,426,0.338853132261335,-0.368049969135647
1,427,-3.08567791105438,0.427216476775904
1,428,-0.388582419187657,-0.00184653047596228
1,429,1.09006521182187,0.5676372202295
1,430,1.25635035391062,0.40291928836659
1,431,1.06156442749653,-0.463827759210723
1,432,-1.20672723271872,0.260117835310499
1,433,3.85473687678089,-0.716083711428642
1,434,0.862678995825064,0.40166129610159
1,435,0.0659214877195495,0.215571052385926
1,436,4.54468656592942,0.636538071407422
1,437,-0.773410567253819,-0.248687847829519
1,438,1.50683896521596,0.120632456517409
1,439,-0.0141485310412861,0.578603566067137
1,440,-2.10939254351518,0.179080292966336
1,441,-0.646914524095507,-0.447711257970653
1,442,-0.502808407177668,-0.0501590577140085
1,443,2.42392529540996,0.300748306559694
1,444,-2.20502148971323,-0.66112938619904
1,445,-1.66549133832419,-0.199711779301524
1,446,1.57398332691452,-0.800851564914918
1,447,-1.0722519175865,-0.537378997110693
1,448,-0.951943715456935,-0.000717257561113627
1,449,-1.6775849656598,-0.692959129001071
1,450,-1.84249495838762,-0.653434538785209
1,451,1.41419572247833,-0.587541551169892
1,452,0.168464438172833,-0.426445011610699
1,453,0.985064882403378,1.10776986465334
1,454,0.474812466403677,0.0518633634263104
1,455,1.9220217721784,0.301208387949167
1,456,1.88396285433686,0.180509227351497
1,457,0.926411462534332,-0.916441389311377
1,458,2.05106291092304,-0.321658720190467
1,459,-0.16781742426403,0.0224934329637989
1,460,0.217976268638552,0.367022401762764
1,461,1.06692067143987,0.609641824635695
1,462,-1.22563625116521,0.00302372279059782
1,463,0.391958773683712,-0.497950151042485
1,464,-2.05315298638931,-0.179710829428476
1,465,-0.149953222944589,0.0119953240458912
1,466,0.796884418076047,-0.247949113597773
1,467,-0.723766853306103,1.12863166818613
1,468,-1.16313249163923,0.613339716003239
1,469,0.969051788017708,0.286034975935493
1,470,-1.83904603176467,-0.879071836152303
1,471,-0.612665387188798,-0.261160380977721
1,472,1.53151679149354,0.024233741249585
1,473,-0.440822988418347,-0.249262456929184
1,474,-1.9391154377102,0.0451948163911027
1,475,2.06019666694803,-1.62090621429009
1,476,-0.748521990269097,-0.461181867523454
1,477,1.56912464242347,0.0922159420297959
1,478,-0.479741073140417,-0.716438534288873
1,479,-1.18739947397378,-0.273488843649741
1,480,-0.515645404267133,-0.866387983826446
1,481,0.426323336934956,0.713680916252983
1,482,-1.37792625515812,-1.68796375707025
1,483,-2.20166611030712,-0.704814243176816
1,484,-2.23701123637585,-0.684376793658618
1,485,0.868555637910191,0.695243663677864
1,486,3.0119648319658,0.82143787433392
1,487,-1.6336877787038,-0.488825937347507
1,488,-1.6050362902557,0.0882277684895918
1,489,0.584729356983644,0.0966632515581693
1,490,0.83514108446883,1.35482088818906
1,491,0.563339497446719,0.0179498754712313
1,492,0.902700513486678,-0.0255865616999209
1,493,4.35676905247274,0.436218107285722
1,494,2.29943996953253,0.182937094480319
1,495,0.337741924262446,-0.626934221570838
1,496,-1.4669581584462,-0.121886488680058
1,497,-1.30763152695351,-0.646759666281163
1,498,-2.32854093313756,0.26747066097786
1,499,1.78014964543723,0.538921094578701
1,500,1.30900841377348,0.128435194827382
1,501,0.593227865563705,0.011322140184344
1,502,1.34354457108799,1.08520891617398
1,503,-1.07616897343468,-0.73926042358972
1,504,0.737426214819237,-0.879289210817223
1,505,-0.30231291646615,-0.286381828470219
1,506,-1.43015715107396,-0.225364993097674
1,507,-1.3317515707468,-0.738440419874443
1,508,-0.519448948422706,-0.199241572019403
1,509,-0.147555509720178,-0.242272531955738
1,510,-0.786728468410757,-0.253403381346828
1,511,-2.34269109617921,-0.834644809897757
1,512,-0.640542003188727,0.142266664281735
1,513,-0.535940145514303,-0.0373727035030313
1,514,1.04776635377496,0.193168554022307
1,515,1.02788302959939,0.163395656780946
1,516,-0.153262131609779,0.543502015359323
1,517,-1.6626581340193,-0.242595382215836
1,518,-1.11478399685637,0.202441721711047
1,519,0.532878026835306,-0.118494281663629
1,520,-1.0258007616126,-0.0180659492870632
1,521,0.0377388503107738,-1.54320766147702
1,522,-1.14535256910102,-0.522488952275868
1,523,-0.562314883847364,-0.130268752772714
1,524,-0.577458142701914,-0.534028803810227
1,525,0.929209193422139,0.239440535767155
1,526,-0.0190170552332916,-0.899075490126481
1,527,2.63203821086995,0.671943232881183
1,528,0.699899657222147,-0.703073117120763
1,529,1.22020912187423,-0.296286431814377
1,530,1.36038630524536,1.14713123172524
1,531,-0.386977221679075,-0.30374521546635
1,532,0.201103572681603,0.725012558148983
1,533,-1.05886904235544,-1.4425961235938
1,534,1.82820015956673,0.404349168339376
1,535,0.0985404773922767,-0.166898838706601
1,536,0.125334494682619,-0.870283280538803
1,537,1.38765632575763,-0.035551421986785
1,538,-2.28472635122608,0.138692082198858
1,539,-0.709446085202018,1.50515724721648
1,540,-1.02244732406155,0.426080183967564
1,541,0.94868571443476,-0.379958366009674
1,542,-1.82234635356258,-0.200980004594715
1,543,0.0587288814881504,0.0756012342387322
1,544,-1.04607138860521,-0.110647590763836
1,545,1.22486521845497,-0.0656207867549909
1,546,0.147364980614071,-0.358028320489179
1,547,-0.305114444982934,-0.787145650492551
1,548,1.87056932498831,0.0653370562469036
1,549,1.75192077391736,0.776554355078495
1,550,-1.36320577402822,-0.50583651749486
1,551,-2.55678848909631,0.425852924511553
1,552,-1.13630123477907,-0.446211867897961
1,553,-0.666241809394506,0.058356539451129
1,554,0.929350349811529,-0.102858141174089
1,555,-2.61239258506515,0.625776923674589
1,556,-0.0162075968230511,-0.377564343092356
1,557,-0.72335034179963,-0.369592668612249
1,558,1.38998467365488,-0.752083587710381
1,559,0.474954709613286,0.131121490216287
1,560,-1.4441830935267,-0.8919053182643
1,561,0.139231363213156,-0.576753780533863
1,562,-3.5993763565456,-0.0802761494106683
1,563,-0.276653656312533,0.436915659918615
1,564,-0.71394946593395,-0.334158390678798
1,565,-0.191411679786569,0.482589677760505
1,566,0.401902781667275,-0.467999676543819
1,567,1.84839152917451,-0.0395143638952824
1,568,0.116159134851614,-0.90914571197904
1,569,-1.78807206812402,-0.494525149183914
1,570,-0.599002550198605,-0.309186180148323
1,571,1.14052598018307,-0.631140740703476
1,572,0.887120461715085,0.538777514503824
1,573,0.278171094345794,-0.855936798972543
1,574,0.333025034315995,-0.185466427167487
1,575,-0.296415496234147,-0.565211151859884
1,576,-1.46607855904742,0.491671126672781
1,577,0.226179163049693,-0.241286903024449
1,578,-0.689747460654701,-0.217972880733171
1,579,1.44120824075426,1.03980822271821
1,580,1.16676733606818,-0.0963557427353265
1,581,-2.30936905809969,0.0853380392853929
1,582,0.496472354092106,-0.287834944372431
1,583,0.628612722150223,-0.186033308720106
1,584,1.40423779339534,0.228012402196896
1,585,-0.580791416039347,-0.197902438088231
1,586,-0.217489506026908,0.133210753501981
1,587,-1.6086250091997,-0.714691899043665
1,588,0.131995349944731,-0.0527151919878293
1,589,-2.20054367077674,-0.400158160570282
1,590,0.449969827835986,-0.439643927846166
1,591,3.05196114519885,1.28165942821667
1,592,-2.81630686787281,0.657326836074979
1,593,-1.67341141241354,-0.136018065288589
1,594,0.0264997148331361,0.252912852222074
1,595,1.84731569509634,0.0281721565714221
1,596,-1.25123980251286,-0.167436277175863
1,597,-0.575382203537799,-0.10628418960718
1,598,-0.740412124911472,-0.815205670246485
1,599,1.10567580896188,-0.639809226438519
1,600,0.346496357112017,-0.685738751932401
1,601,0.213061795781755,0.232432476193082
1,602,1.19761819985084,0.927341409676448
1,603,2.36937075177292,-0.380815198266902
1,604,2.09969875739537,1.43980370867852
1,605,0.616631555088247,0.3046387676394
1,606,-2.18477933636703,0.0964334964961111
1,607,0.850974551861327,0.775639193386734
1,608,-0.504708045022284,-0.169077374780443
1,609,2.18829366579263,0.412302308370379
1,610,-0.109387649563558,0.459158095543664
1,611,-3.52848747026525,0.0505697388109958
1,612,-0.425160448240206,0.461379615515686
1,613,0.482650470939916,0.82593654147459
1,614,1.42102294955146,-0.306962844648059
1,615,0.436321756545937,-0.366189060138069
1,616,-2.7728885317083,-0.460654236521371
1,617,-0.395337176611349,-0.903118777357992
1,618,-0.695099268254921,-0.00630285671804032
1,619,0.84832578838251,1.18368839040118
1,620,0.653739098119928,-0.426475331528611
1,621,1.06350432576062,0.414268035989345
1,622,-0.0987253322273318,-0.388588843780166
1,623,-1.81477790689939,-0.0328682212313574
1,624,0.832829083219707,-0.165613765184602
1,625,-1.5163334259357,-0.131084219157959
1,626,0.107250050074214,-0.0623327641175315
1,627,-0.121567874093557,-0.145776158819967
1,628,0.911379037356397,-0.0393649761423092
1,629,0.446061409348545,0.115290519920411
1,630,0.710682652221436,0.201082186004818
1,631,1.36321845291428,0.372612333853734
1,632,0.89976232491955,0.917571120207384
1,633,0.436205416288658,-0.344304906267578
1,634,2.12553300995168,0.740836380734009
1,635,0.183737865222724,0.498182909998878
1,636,0.894489322499055,0.830398158721962
1,637,-1.27273948119938,-0.0732769170601344
1,638,-0.580977001818326,1.1775821221893
1,639,1.23940255705526,-0.083899305817571
1,640,2.616936213733,1.38285692839973
1,641,0.660825269008058,0.250178456886701
1,642,-0.545179658481715,-0.679940237371376
1,643,1.08570176091706,0.333515263088561
1,644,-0.225591269328874,1.06260885819036
1,645,-1.97753274500081,0.418393168255157
1,646,0.361182200295758,-0.395981736091432
1,647,-2.72580441130137,-0.385324537039367
1,648,-0.345642464840438,0.733131393267005
1,649,1.22768796893925,-1.24254366891353
1,650,0.210405990237064,-0.485107054866255
1,651,2.02140164053398,0.233797215146616
1,652,-0.658199682953324,0.235163865398256
1,653,2.01798466247553,0.804666732065929
1,654,1.05930878718277,0.790910089615622
1,655,0.571570876497304,0.128308045432178
1,656,2.69922987095475,0.703544693688301
1,657,-0.23514749452815,0.444987323536115
1,658,-1.62386667903849,-0.258411987405331
1,659,0.461228955178797,-0.221926016292429
1,660,0.0246426901045709,0.827255489019723
1,661,-2.16527502681649,0.393105639931786
1,662,0.465157922822527,-0.458782496958751
1,663,0.787170431595996,-0.894857647791621
1,664,0.823557531507646,-0.475122431518496
1,665,1.76771275749564,-0.590293727279111
1,666,-0.228082115202199,-1.55959055645829
1,667,-0.457878655301727,-0.0774954560555159
1,668,-1.45171020897394,-0.845323151916524
1,669,1.65653397286732,-0.225744011262833
1,670,-0.521053270959953,0.048420320873749
1,671,0.0431408014446788,0.0134936817045848
1,672,2.44131602358325,0.644548783843884
1,673,-0.837712556826091,0.187799563557743
1,674,1.08174540477017,1.06185926712207
1,675,-0.252450154489452,0.4318155563791
1,676,0.568924618872273,1.42251882073392
1,677,2.94780523615188,0.57652627420029
1,678,1.94338545132851,0.883569368028855
1,679,-0.615214586904898,0.444941563988891
1,680,-0.235180587113973,0.902521677805968
1,681,1.67177480164551,-0.738776789522255
1,682,-0.0953417476657989,-0.412264709011477
1,683,-0.685699829309783,-0.645170354085771
1,684,2.4729523869147,-0.157815460236598
1,685,1.79308033898803,0.1496210578545
1,686,-1.86672567804223,-0.554303839756532
1,687,1.70103205141461,0.41776201320171
1,688,-0.498622477633347,-0.34140898332468
1,689,-0.167140721325922,-0.0631048130317069
1,690,-0.550817636858199,-0.646992218605696
1,691,-3.80264119411973,-0.547895079460105
1,692,0.0557690304866867,-0.60769155956373
1,693,0.38910393452025,-0.337348432364774
1,694,-1.02217275708944,0.275988060256012
1,695,-0.257945537879124,-0.889046542102498
1,696,1.33629204534424,0.468741116553598
1,697,0.67072876894926,-0.307015832024881
1,698,-1.34314720330582,0.165200176149465
1,699,-1.07544737250544,0.193342626736225
1,700,-0.96637559280893,-0.457296295364682
1,701,3.7303662621415,1.17671875168272
1,702,0.558180471966551,0.0316837507799939
1,703,-1.15315361541471,-0.31532690203321
1,704,-1.66082035716943,-0.116089111432704
1,705,3.94933598787264,0.0314372406504653
1,706,1.53680479121334,1.2139457897874
1,707,1.8006652796806,0.376829347984259
1,708,-0.71770712328393,0.459884700168601
1,709,-0.739629499390048,-0.199195097179391
1,710,-1.3515520579061,-0.342894391556751
1,711,1.89777841481504,0.265308730540692
1,712,-0.411424580769307,0.388525100740019
1,713,-1.28750554915536,-0.447299014557949
1,714,-0.36534903567761,-0.0325905091323264
1,715,-1.75283186017302,0.079727318240824
1,716,-0.53126594209499,-0.377575879075088
1,717,0.266820808629291,0.121828847521524
1,718,0.704492564513771,0.804411374217374
1,719,1.8310707716908,1.40551142521389
1,720,-1.30739207528629,-0.0525756185959736
1,721,-1.00039814828787,-0.0287102659886749
1,722,2.39044647890182,-0.329017286459763
1,723,-0.670917629908359,0.497244413254027
1,724,1.53221550417149,-0.372770834090268
1,725,1.88745010716349,0.798493216084193
1,726,1.4291754170321,0.286341259314039
1,727,-0.00914897560718941,0.360055147415714
1,728,-1.07140662783331,0.0554007253169502
1,729,0.549545637785343,0.182004776382033
1,730,1.17972403094967,0.427366287108725
1,731,-1.34437396099483,-0.921838526612376
1,732,0.295838804605836,-0.669926469242874
1,733,-0.823931757639627,-1.73864676721757
1,734,-1.18862214262518,-0.383584975348576
1,735,0.762235940416247,0.478620080033046
1,736,0.666011791803783,0.119023800673482
1,737,-0.704758201598537,0.402276782348832
1,738,0.0899869113903264,-1.18691180322536
1,739,0.711159245154647,0.410362818525616
1,740,-2.00224804449684,-0.0653408931899619
1,741,-1.14988068416943,0.496194173018871
1,742,0.316474374388974,-0.13333091467856
1,743,2.11045817530839,0.660644383964101
1,744,1.41153929014411,0.373243136012022
1,745,-1.72090140269307,0.175060687534433
1,746,-2.39284747979005,-0.521036656566114
1,747,1.092567638768,-1.16380762834885
1,748,0.989304202154159,0.34258176705826
1,749,-0.53399634453524,-0.401436576037451
1,750,-0.332953826816436,-0.974774632464527
1,751,-1.16989938835852,0.822353785974485
1,752,-2.42166920549957,-0.108506438473547
1,753,-0.546158967347509,-0.30850477591623
1,754,-2.1736345854404,-0.00973918382838335
1,755,-1.08487340882758,-0.257352668969986
1,756,-0.485537694662952,0.570726363896028
1,757,0.835685545253767,0.199160868211543
1,758,-0.104350070886454,0.569924562975483
1,759,-1.24054206281198,0.230826534511714
1,760,0.0857681385599847,-0.333492942376168
1,761,-1.26375596349044,-0.327283115829548
1,762,1.21703230611774,-0.685741734213298
1,763,0.520199070510671,0.689361036162811
1,764,0.500166673467447,-0.154545718463069
1,765,-1.25446472902254,-1.03356841424303
1,766,-2.69939363070804,-0.401797939196573
1,767,-0.179407736639575,-0.169677308859477
1,768,1.19046449202008,0.412152445680881
1,769,-0.396677751748513,-0.377866528676087
1,770,0.385302741570626,0.881085579313563
1,771,-2.54383516143835,0.221269308945931
1,772,-0.666636860440406,-0.63497234486913
1,773,-4.07551007437442,-0.85174483387749
1,774,2.48031556485677,-0.683064492429988
1,775,0.335021420960146,0.271602337082705
1,776,-0.329009252225575,-0.201609574787412
1,777,0.0449856179382664,0.620752510744762
1,778,3.20714551727181,1.11773571319573
1,779,2.17278720104758,0.0413355302641136
1,780,0.851768906023125,-0.389799674792386
1,781,1.92168701179963,0.964148520793518
1,782,-0.184433826287261,0.0417659934269103
1,783,-0.711471815619547,-0.262296294805715
1,784,0.578474594808711,-0.341050741443176
1,785,1.10326594488984,-0.565284269912262
1,786,-3.09791808043661,-0.545244620258529
1,787,-0.544722043631936,-0.279800425113837
1,788,0.871727695171614,-0.0251987757481622
1,789,1.07186033027932,0.0780073200593314
1,790,3.14723615897273,0.544874809601506
1,791,-0.343095232132896,0.788991529025441
1,792,-2.14549045757684,-0.147047969706914
1,793,-0.573960831245131,0.450466604546683
1,794,4.63481514721448,0.258807055220267
1,795,-0.131810485607218,-0.452210974294363
1,796,0.0216069666424517,0.509702455528036
1,797,1.42810661943014,-0.466724866793253
1,798,2.44902319791959,0.30709669961038
1,799,0.0720066573095437,-0.625923096429631
1,800,-2.73296746936344,-0.269957205405667
1,801,-1.54854607433938,0.635103924831466
1,802,-0.0819298755941986,0.0432041310347806
1,803,-2.66110589519386,-0.371146185797627
1,804,-0.60153489945003,0.0148849856149553
1,805,-1.16365502243045,-1.41093192160361
1,806,3.10488749090979,0.124717249549239
1,807,0.360034142327805,0.809201332840697
1,808,-3.58509991199978,-0.255734935112194
1,809,-2.83283733321556,-1.01284640284493
1,810,0.101071463320608,0.386824173616969
1,811,3.05416836080568,0.835170463829829
1,812,-0.14425919758645,0.0456270076968011
1,813,0.051993062088485,-0.156170768094775
1,814,0.0762533886040728,0.548400193179361
1,815,0.884304791492809,0.375065794080268
1,816,3.64697004751042,0.641531844875932
1,817,-0.473302522455128,0.521373761070596
1,818,-3.64942171251786,-0.514987670655277
1,819,-2.73987136039597,-0.30618179243541
1,820,1.9903501500736,0.0351545213155973
1,821,0.422274406548269,0.344229923311445
1,822,-3.24130986394158,-0.370692248585019
1,823,0.714541628307472,0.404902352193474
1,824,0.476348916617439,-0.650648328787991
1,825,-0.91911252716352,0.323932752230142
1,826,-1.5404495767028,-0.476081449098597
1,827,-2.14961723060023,0.400151028324213
1,828,-0.0908202835719294,0.395014880288606
1,829,-0.628605583755501,0.133202707902111
1,830,0.598655395821112,-0.778692696504756
1,831,-2.21859490970149,0.0695180648227804
1,832,-2.47663109673445,-0.487608778630577
1,833,2.04385654792881,-1.04313357175184
1,834,0.0577509605400053,-0.789887592641968
1,835,0.500469419509812,-0.352795978150311
1,836,-0.366047776676595,0.493156507515419
1,837,0.277105144686089,0.120123025142568
1,838,1.72281060168626,0.442168796614443
1,839,-2.40437975656198,-0.678235593669726
1,840,-0.683686108879897,-0.347934341003679
1,841,-0.898798309792397,-0.941440894997292
1,842,-0.41445647436862,0.0478415148556017
1,843,0.110358741785262,0.168423109565378
1,844,2.60260443861625,-0.14924591296532
1,845,-0.859469694894727,0.288033977618547
1,846,-0.449371705372414,-0.0859275875516339
1,847,0.13120039042056,-0.659166737189803
1,848,2.45823434996581,-0.0513934080524585
1,849,1.16297412238754,-0.410031099864675
1,850,1.24202238201255,-0.694272259179325
1,851,-3.23775333000563,-0.340935642281313
1,852,-0.171110279366644,0.104211828397553
1,853,0.499052115200328,0.499994402307568
1,854,2.10346156302745,-0.19561372773374
1,855,0.0633815853190924,-0.284623222924097
1,856,-2.11906102999555,-0.367153744722643
1,857,0.126601721099917,0.435374371091065
1,858,1.09706199440174,-0.216481276153882
1,859,0.00837666900875433,-0.628578861355987
1,860,-3.10516634758906,0.0433935394099478
1,861,0.106612236779625,-0.474680724340619
1,862,-0.452322707164285,0.497018055599806
1,863,0.613095920595242,0.342329115733033
1,864,-0.89891084906688,-0.398087324411833
1,865,0.446166350756556,1.1657697148499
1,866,0.249357105313123,0.487602050145771
1,867,0.00142893196297678,0.0296294733048974
1,868,-0.639279844934805,0.607933997424645
1,869,1.66068395368541,0.33476415609891
1,870,-2.50479633570353,0.126234061910928
1,871,0.701011776711624,0.48048105610679
1,872,-0.422876452408616,1.18931118701897
1,873,-2.10764323025404,-0.406792094067619
1,874,2.4814668503063,0.446870556972542
1,875,-1.04240223229485,-1.06828511469931
1,876,-1.22691971690878,1.25186530341811
1,877,-1.28635915299944,0.327342539723531
1,878,0.882933372125706,-0.321907080504257
1,879,1.00667771914203,1.15259518005572
1,880,-1.19643522426637,0.544845774564827
1,881,-2.07064443389859,-0.0782799485302199
1,882,-0.585932690557314,-0.097884131325447
1,883,-0.29673996563838,0.136395401518865
1,884,-1.06742463312597,0.328144235930726
1,885,-0.148464944225225,-0.111502847662759
1,886,-0.0443216915193148,-0.124539678067936
1,887,0.380566347365487,0.875937026286216
1,888,0.650563850641504,-0.208786252478792
1,889,2.8054484365943,0.561269418131022
1,890,1.83694845252489,0.263881498026937
1,891,-0.943863200393963,0.783519590432924
1,892,-0.384521718238005,0.40595609585408
1,893,-3.1465528848062,-1.26137277318772
1,894,1.37613262411466,-0.324523770955015
1,895,-2.25697098732203,-0.937096268273365
1,896,-2.21941405968624,-0.320916995665947
1,897,-1.23046041472077,-0.0188740615159269
1,898,1.04785274769134,-0.216034224682428
1,899,-1.13906468676453,-0.356079322970437
1,900,0.266138333414403,-0.114649366419023
1,901,1.61892614802258,-1.30384824054557
1,902,-0.626574687541506,0.174924059345265
1,903,-0.506829282398655,0.492054871471819
1,904,1.10474657431772,0.31780294121538
1,905,3.35838743883261,-0.0352244975948537
1,906,0.257398917055298,-0.241862926126966
1,907,3.21249160867839,0.200237803084121
1,908,0.52501420878167,-0.227772402554631
1,909,2.42302315022098,-0.397818340971632
1,910,2.12810822273684,0.828887371104297
1,911,-1.44500369384724,-0.481570912830236
1,912,0.983731560435729,-0.310506665228257
1,913,0.678612388818948,0.504403069815297
1,914,3.01381924724518,-0.820341474516738
1,915,0.372397128543838,-1.02101121513506
1,916,1.07849124106374,0.321851705029577
1,917,1.71469613620786,0.360313437051719
1,918,0.348554757908147,-0.0900752475343438
1,919,-1.0537874682343,-0.272314860557035
1,920,-1.48266002016385,-0.0635040883855211
1,921,-0.326772340695499,0.546251328061519
1,922,-1.60812024930721,-0.212823842335236
1,923,-1.88412800461631,0.0734230145408077
1,924,2.15252671187227,-0.241459645394393
1,925,-1.29083229728604,-0.0549752079035102
1,926,0.892473594069571,-0.823688398226729
1,927,-0.166384061733908,0.0700230274343383
1,928,-0.44675131194461,0.398054695210558
1,929,-2.05124412985722,0.361713562036975
1,930,-1.01891074826631,-0.87208896964114
1,931,-0.601771879733178,-0.0795243537723742
1,932,0.5220445864596,0.230324733237154
1,933,-0.953011555546595,-1.03804150859516
1,934,-0.250028729281127,-0.398255561312929
1,935,1.7205971314132,0.582997458931217
1,936,-0.99185840966507,0.0709674369432811
1,937,-0.222201731571232,0.280932814834564
1,938,0.824889393078081,0.800325590135181
1,939,-1.00321318054128,0.589294988497368
1,940,-0.519827410973619,0.267483282849202
1,941,-1.17665783403976,0.222514202912485
1,942,2.2961907564198,-0.711123259350185
1,943,-0.693751436408149,0.109794813074561
1,944,1.50887284780995,0.168029917833557
1,945,0.963339240321432,0.147576823172134
1,946,1.55458441544891,0.556206338026989
1,947,-1.6329391253976,-0.251077649606405
1,948,0.621897171677546,0.746127383789144
1,949,-1.95231616891493,-0.0490300791890057
1,950,0.322648170413714,1.23899607660322
1,951,-0.198294062473622,0.0226890091788157
1,952,-1.63507267050528,0.139982468898552
1,953,-0.136536847267394,0.205444835163117
1,954,3.48227546020306,0.602290314033844
1,955,-4.13793259348321,-1.93705299203489
1,956,-1.28629487912596,-0.399835377572671
1,957,0.906988635434146,-0.198398161703125
1,958,-1.55208895287208,0.376369013941222
1,959,-0.570796427746956,-0.099503085596826
1,960,0.956259988153619,1.09043647635481
1,961,-0.468433253717649,-0.788334286001223
1,962,2.83532730560813,0.584846813872765
1,963,-0.80263749058372,0.216007494271043
1,964,0.579577318790484,-0.154328261070876
1,965,0.0997417608574267,-0.45719078865362
1,966,1.7217523262853,0.226740392876287
1,967,0.598153942224684,-0.678966766740579
1,968,1.48194073205809,0.229945582969211
1,969,0.256235459703731,0.128794384905031
1,970,3.19144976209387,0.327562984986304
1,971,-0.357724080511531,-0.0332550422179274
1,972,-1.95206567949182,0.20408543547245
1,973,0.690799851426306,-0.0954218276653016
1,974,0.629578512746235,0.32393614255772
1,975,5.20421857439669,0.545843484845353
1,976,1.55695490823328,0.56831444543009
1,977,1.72487471178209,0.382478767877895
1,978,-0.897025478509278,0.0991921007379695
1,979,1.22537930826957,-0.620011438722287
1,980,1.97273326361139,0.362739099424207
1,981,-0.488831081716853,-0.528390429311688
1,982,-0.573125150898079,0.03716335021603
1,983,-1.71268282736474,-0.637010823484783
1,984,1.09350268127659,-0.038699230655002
1,985,2.36577666505869,0.325939497670316
1,986,0.4520336659007,-0.16090526329911
1,987,-0.93651494764427,0.158261802377591
1,988,0.372083111283274,-0.937389748302277
1,989,-1.61257027579299,0.309657780937808
1,990,-1.24319694046972,0.367604507369339
1,991,-1.89449546630325,-0.345163580138227
1,992,0.805192030680644,0.0922977833376457
1,993,-0.220345992655524,-0.844009966400428
1,994,0.711409024688322,-0.783595043853836
1,995,0.99422252909568,-0.921704390116474
1,996,0.764583268073807,0.512896442037899
1,997,-0.313490816061687,-0.280336030354199
1,998,-1.93040116969655,-0.445488899919191
1,999,4.55504583314467,0.0683829844161572
1,1000,-0.122730793158894,0.833945347084693
